Datetime,Water Level (m)
2025-07-26 00:00:00,-0.003734261
2025-07-26 01:00:00,-0.003510788
2025-07-26 02:00:00,-0.0035405566
2025-07-26 03:00:00,-0.003541674
2025-07-26 04:00:00,-0.0033198872
2025-07-26 05:00:00,-0.003950405
2025-07-26 06:00:00,-0.0030872824
2025-07-26 07:00:00,-0.0027985151
2025-07-26 08:00:00,-0.00222489
2025-07-26 09:00:00,-0.001940769
2025-07-26 10:00:00,-0.0015611689
2025-07-26 11:00:00,0.013204474
2025-07-26 12:00:00,0.025619093
2025-07-26 13:00:00,0.037246615
2025-07-26 14:00:00,0.04923954
2025-07-26 15:00:00,0.069282934
2025-07-26 16:00:00,0.08726366
2025-07-26 17:00:00,0.088451885
2025-07-26 18:00:00,0.13852827
2025-07-26 19:00:00,0.15864664
2025-07-26 20:00:00,0.17547387
2025-07-26 21:00:00,0.19091645
2025-07-26 22:00:00,0.20518489
2025-07-26 23:00:00,0.21929942
2025-07-27 00:00:00,0.23340566
2025-07-27 01:00:00,0.24852054
2025-07-27 02:00:00,0.26431143
2025-07-27 03:00:00,0.2799481
2025-07-27 04:00:00,0.29587966
2025-07-27 05:00:00,0.31150874
2025-07-27 06:00:00,0.32695246
2025-07-27 07:00:00,0.34186417
2025-07-27 08:00:00,0.35623908
2025-07-27 09:00:00,0.37003583
2025-07-27 10:00:00,0.38361457
2025-07-27 11:00:00,0.39779907
2025-07-27 12:00:00,0.41319573
2025-07-27 13:00:00,0.4301447
2025-07-27 14:00:00,0.44889385
2025-07-27 15:00:00,0.46912727
2025-07-27 16:00:00,0.4901341
2025-07-27 17:00:00,0.51171046
2025-07-27 18:00:00,0.5333658
2025-07-27 19:00:00,0.55458647
2025-07-27 20:00:00,0.5750702
2025-07-27 21:00:00,0.5946926
2025-07-27 22:00:00,0.613471
2025-07-27 23:00:00,0.63199425
2025-07-28 00:00:00,0.65083027
2025-07-28 01:00:00,0.67068213
2025-07-28 02:00:00,0.69168764
2025-07-28 03:00:00,0.71365803
2025-07-28 04:00:00,0.736304
2025-07-28 05:00:00,0.7591113
2025-07-28 06:00:00,0.7816721
2025-07-28 07:00:00,0.803787
2025-07-28 08:00:00,0.8345079
2025-07-28 09:00:00,0.8794413
2025-07-28 10:00:00,0.9263305
2025-07-28 11:00:00,1.0156575
2025-07-28 12:00:00,1.0872012
2025-07-28 13:00:00,1.1519438
2025-07-28 14:00:00,1.2117972
2025-07-28 15:00:00,1.2681313
2025-07-28 16:00:00,1.3210994
2025-07-28 17:00:00,1.3705534
2025-07-28 18:00:00,1.4165285
2025-07-28 19:00:00,1.4591116
2025-07-28 20:00:00,1.4984698
2025-07-28 21:00:00,1.5348729
2025-07-28 22:00:00,1.5687032
2025-07-28 23:00:00,1.6004508
2025-07-29 00:00:00,1.6311814
2025-07-29 01:00:00,1.6617482
2025-07-29 02:00:00,1.6933693
2025-07-29 03:00:00,1.7260451
2025-07-29 04:00:00,1.7591977
2025-07-29 05:00:00,1.7909024
2025-07-29 06:00:00,1.8210535
2025-07-29 07:00:00,1.8496329
2025-07-29 08:00:00,1.876619
2025-07-29 09:00:00,1.9016021
2025-07-29 10:00:00,1.925243
2025-07-29 11:00:00,1.9476416
2025-07-29 12:00:00,1.9704279
2025-07-29 13:00:00,1.9938328
2025-07-29 14:00:00,2.0181258
2025-07-29 15:00:00,2.043184
2025-07-29 16:00:00,2.068051
2025-07-29 17:00:00,2.0922656
2025-07-29 18:00:00,2.1153076
2025-07-29 19:00:00,2.137226
2025-07-29 20:00:00,2.158029
2025-07-29 21:00:00,2.1777203
2025-07-29 22:00:00,2.1964016
2025-07-29 23:00:00,2.214266
2025-07-30 00:00:00,2.2320817
2025-07-30 01:00:00,2.2973392
2025-07-30 02:00:00,2.33827
2025-07-30 03:00:00,2.3875265
2025-07-30 04:00:00,2.4385808
2025-07-30 05:00:00,2.4748816
2025-07-30 06:00:00,2.504294
2025-07-30 07:00:00,2.529982
2025-07-30 08:00:00,2.553001
2025-07-30 09:00:00,2.574071
2025-07-30 10:00:00,2.593502
2025-07-30 11:00:00,2.6118014
2025-07-30 12:00:00,2.6289907
2025-07-30 13:00:00,2.6461592
2025-07-30 14:00:00,2.6639543
2025-07-30 15:00:00,2.6821141
2025-07-30 16:00:00,2.7003736
2025-07-30 17:00:00,2.7182505
2025-07-30 18:00:00,2.7355907
2025-07-30 19:00:00,2.752103
2025-07-30 20:00:00,2.7676415
2025-07-30 21:00:00,2.7823796
2025-07-30 22:00:00,2.7961693
2025-07-30 23:00:00,2.8089893
2025-07-31 00:00:00,2.821182
2025-07-31 01:00:00,2.8333478
2025-07-31 02:00:00,2.8460286
2025-07-31 03:00:00,2.859334
2025-07-31 04:00:00,2.8732007
2025-07-31 05:00:00,2.8854806
2025-07-31 06:00:00,2.881225
2025-07-31 07:00:00,2.8780372
2025-07-31 08:00:00,2.8766148
2025-07-31 09:00:00,2.8758657
2025-07-31 10:00:00,2.8752506
2025-07-31 11:00:00,2.8751519
2025-07-31 12:00:00,2.8755298
2025-07-31 13:00:00,2.8768115
2025-07-31 14:00:00,2.8796706
2025-07-31 15:00:00,2.88424
2025-07-31 16:00:00,2.8902738
2025-07-31 17:00:00,2.8968096
2025-07-31 18:00:00,2.9034245
2025-07-31 19:00:00,2.9095798
2025-07-31 20:00:00,2.9153378
2025-07-31 21:00:00,2.9206061
2025-07-31 22:00:00,2.925242
2025-07-31 23:00:00,2.929186
2025-08-01 00:00:00,2.9327333
